Graham Silverstone Stowe Racing Chronograph Automatic Men's Watch 2BLDC.B13A,"185,635.60",2,https://www.ebay.com/itm/Graham-Silverstone-Stowe-Racing-Chronograph-Automatic-Mens-Watch-2BLDC-B13A/293237125611?_trkparms=ispr%3D1&hash=item44464b71eb:g:SQgAAOSw1MhdTcgO&enc=AQAEAAACMBPxNw%2BVj6nta7CKEs3N0qVzXETphLjEmYhBQvzSKUFQZlcxaD1djQI7kkWGPxS12AiJIKt%2Br9VK5zPtPZ%2BcmjM3SfMZQ7K524mHsW5Dn2%2BfL5IvoJZbRGbAtyL3s8QS1w2qn4uhwdwgqSjOWwhVpDJMOUg%2FWTG0sak1TARmhtXO8tW0Mz761VmlD9ubfVdpnFpGLomAym7RoZJloxATUUs9mCsObU3RYRoX7KdBtRHshdguAMsBXEu8%2Fvchz0fgg1IUurELHK6zBHyhj%2FAair2Hc7jALFX0k9G7o0hDGk6UGRB0QQbvqF6NPDzdCdBWjZ%2FTF7dQpi5M%2Bho7EwXfnfGYjlA8LUNd855ULXKHnsIADnIkUZlOgiHdnluZNfSgKz1IIAIk7kg%2F5mfMQiaq6Vu1pnVL34rtA0qK9KAMhPhrDvJdy2EL%2B2FR4XrtCxHsZ5Y%2BCFVTwTAZ7S%2BEo9V7tU1BPKD%2B4MO4c3PhWVwwJnPghBPFXEFn69oQmbUjwHKkfRWKotSdlzsrGVCKduA5Dl9rUhcEnQO5zl6EZaNz96OyTO4JPGkYq9UknqXY0Ycvh1oGW17S7eRyGNDPU1u3Edf57mLmue7NNe1Y6JfJx9nQ%2Bg9wPvMzW2gTQYhXfLMQuTjkXXZ6QcsWT9GJLQnMWCGGcNPZnonx0pldh8ItgKDMIowGstPGWeFWQgH8ZWviYbBuJZLRca8jSPywjBIOWGJqvSleC3nlilR%2BQM81b9UN&checksum=293237125611de8a6576b72d4cf69ea7869a1d118c56&enc=AQAEAAACMBPxNw%2BVj6nta7CKEs3N0qVzXETphLjEmYhBQvzSKUFQZlcxaD1djQI7kkWGPxS12AiJIKt%2Br9VK5zPtPZ%2BcmjM3SfMZQ7K524mHsW5Dn2%2BfL5IvoJZbRGbAtyL3s8QS1w2qn4uhwdwgqSjOWwhVpDJMOUg%2FWTG0sak1TARmhtXO8tW0Mz761VmlD9ubfVdpnFpGLomAym7RoZJloxATUUs9mCsObU3RYRoX7KdBtRHshdguAMsBXEu8%2Fvchz0fgg1IUurELHK6zBHyhj%2FAair2Hc7jALFX0k9G7o0hDGk6UGRB0QQbvqF6NPDzdCdBWjZ%2FTF7dQpi5M%2Bho7EwXfnfGYjlA8LUNd855ULXKHnsIADnIkUZlOgiHdnluZNfSgKz1IIAIk7kg%2F5mfMQiaq6Vu1pnVL34rtA0qK9KAMhPhrDvJdy2EL%2B2FR4XrtCxHsZ5Y%2BCFVTwTAZ7S%2BEo9V7tU1BPKD%2B4MO4c3PhWVwwJnPghBPFXEFn69oQmbUjwHKkfRWKotSdlzsrGVCKduA5Dl9rUhcEnQO5zl6EZaNz96OyTO4JPGkYq9UknqXY0Ycvh1oGW17S7eRyGNDPU1u3Edf57mLmue7NNe1Y6JfJx9nQ%2Bg9wPvMzW2gTQYhXfLMQuTjkXXZ6QcsWT9GJLQnMWCGGcNPZnonx0pldh8ItgKDMIowGstPGWeFWQgH8ZWviYbBuJZLRca8jSPywjBIOWGJqvSleC3nlilR%2BQM81b9UN&checksum=293237125611de8a6576b72d4cf69ea7869a1d118c56
Graham Silverstone Stowe Classic Chronograph Automatic Men's Watch 2BLDC.B11A,"211,030.83", ,https://www.ebay.com/itm/Graham-Silverstone-Stowe-Classic-Chronograph-Automatic-Mens-Watch-2BLDC-B11A/283632346922?_trkparms=ispr%3D1&hash=item4209ce272a:g:WGYAAOSwP4RdSuZR&enc=AQAEAAACMBPxNw%2BVj6nta7CKEs3N0qXCu1SNsSbZQoNa1mZaqCme1J1t0mOkFxfL%2BS%2F4Yuz5HCQyiqbv3PxCKIxRawVMurS19NOkZbJTU3QjU60zky7eEKvs4Qr7jwLxhPXiJxICjmNNiy7Zh6jJq9RCVJo%2FW7KiWUcz41hCXjXnzhDpEk5yYU6TCyiNC7xwMERR6n82kS%2Bl7Y10%2BiOcENFF6bXPlzFxZHfaICDQcf%2FjUaUjJPEaBD8OqhMaSe9fnwkE32RRF%2FxRZ57IZf536SnrD0E69jbPvBQlGidM56cTnerZsFVTrGrV2MD7Qx4PrCO151qLsoql9vKx6J8cdUgkcgzLOi%2BXbV0nCysB2cKYPq%2FainK58WyMmc2SybtBpMY0erC%2BX%2B2BMPZwCVI%2FVogRi%2F1IRkVeb4XQXYC6xIXepM9n%2BbGR0%2BaSZX6497f6ASoqHLeHLdP2FR4gWH3MRYfEAY0qUvlDV086lt4Qv%2BMPXdUo%2BiT8yLatp1krDxbcCvqxA01%2BYVKNR672s1j4qhb0WRHT4hS0IO4Gfvl6zP4IwrUVAnKwYdRZYZabl4LRtmfGyTW3Ju2ILDsxb4I1BEidCRbRmWU2Qxe%2BcIYN9w14BSnkQYTkFHx%2Bu9VcCe5FX8VjuxWLjqfUJRYhaoWaEBAUSl7bej%2BnxKOHg7ByXoIp83KwZWRHgJPgsEiUvq%2BQX%2BUuV%2BUZo5qXlr2aRiD5sj4Hm6ACGPaErymMfipIbQaBS9kfmvY3&checksum=283632346922de8a6576b72d4cf69ea7869a1d118c56&enc=AQAEAAACMBPxNw%2BVj6nta7CKEs3N0qXCu1SNsSbZQoNa1mZaqCme1J1t0mOkFxfL%2BS%2F4Yuz5HCQyiqbv3PxCKIxRawVMurS19NOkZbJTU3QjU60zky7eEKvs4Qr7jwLxhPXiJxICjmNNiy7Zh6jJq9RCVJo%2FW7KiWUcz41hCXjXnzhDpEk5yYU6TCyiNC7xwMERR6n82kS%2Bl7Y10%2BiOcENFF6bXPlzFxZHfaICDQcf%2FjUaUjJPEaBD8OqhMaSe9fnwkE32RRF%2FxRZ57IZf536SnrD0E69jbPvBQlGidM56cTnerZsFVTrGrV2MD7Qx4PrCO151qLsoql9vKx6J8cdUgkcgzLOi%2BXbV0nCysB2cKYPq%2FainK58WyMmc2SybtBpMY0erC%2BX%2B2BMPZwCVI%2FVogRi%2F1IRkVeb4XQXYC6xIXepM9n%2BbGR0%2BaSZX6497f6ASoqHLeHLdP2FR4gWH3MRYfEAY0qUvlDV086lt4Qv%2BMPXdUo%2BiT8yLatp1krDxbcCvqxA01%2BYVKNR672s1j4qhb0WRHT4hS0IO4Gfvl6zP4IwrUVAnKwYdRZYZabl4LRtmfGyTW3Ju2ILDsxb4I1BEidCRbRmWU2Qxe%2BcIYN9w14BSnkQYTkFHx%2Bu9VcCe5FX8VjuxWLjqfUJRYhaoWaEBAUSl7bej%2BnxKOHg7ByXoIp83KwZWRHgJPgsEiUvq%2BQX%2BUuV%2BUZo5qXlr2aRiD5sj4Hm6ACGPaErymMfipIbQaBS9kfmvY3&checksum=283632346922de8a6576b72d4cf69ea7869a1d118c56
Graham Chronofighter Oversize Black Forest Chronograph Men's Watch - 2CCAU.B01A,"175,262.89", ,https://www.ebay.com/itm/Graham-Chronofighter-Oversize-Black-Forest-Chronograph-Mens-Watch-2CCAU-B01A/273762891388?_trkparms=ispr%3D1&hash=item3fbd8a367c:g:jJoAAOSwk25cW1om&enc=AQAEAAACMBPxNw%2BVj6nta7CKEs3N0qV593NXyS5spYx5%2FCfsJmMTiCp949HyeoGotEzpQLJnvjEgk%2FLO0cvap1rIXSGILRIGy39yjlNa7Jpf1IPdTzmAa6xaHRJn4pN1%2FzkyvJJjQmHkMt8CQW6cF6m0SNtMc8ThsZv7WgPOFaD4ZvfviylD9dXP5vIp8mR5CNrOfeiY%2B00aAHuvF1t2MaLNPvqVdRonO9c7pArFNBpqdg%2BfQlVlSzWfyNlapOh7lOs6%2BKRQ5uTHQKeDibb75C6UcgZTuPcUlnws928nqeU2opyBpYzMjXnGNMOrYWiOlpvcotjDLkiKtNP0puY2hD4IKnmz9P6Fj9BkobSQldTPsiJtZ7pF6MK%2Bpf8XfYL%2FQ0Y7odItlIGBiUGkQ9OkHrBPxz33KtYcMj2sRhgJPOBpnhpNJCpH7kNTU7E%2BQpT5R%2BkYqRfVLVz1vzFhD8a2J1BDkyP3hw%2FjZgpogAj26VubVmbWqS%2Br6QtBLF9lLKA1rgjo7uj%2BcQAL0GYp4eOqW0wLZKSzMqPTgOaHSdzoMvjyj%2BZ6IoyNUssDbHOVIfZsyZ8vaRkytg8WRLCSJpzWLEXWWusdrWT%2FPHlyj9%2BLrmG%2FwAPeQxjD%2F1lUMIraOqJXJOGR5ApO1b41geNF5uWgO8RDiitECshBYtTMBr110SlxZ5qM%2B2fJllHIdNtp2QNHtUpn7WHnR6eG4OZw7yj1aOxDUWgQYfBw7PCK9Us%2BMFZX3Pfq2BBz&checksum=273762891388de8a6576b72d4cf69ea7869a1d118c56&enc=AQAEAAACMBPxNw%2BVj6nta7CKEs3N0qV593NXyS5spYx5%2FCfsJmMTiCp949HyeoGotEzpQLJnvjEgk%2FLO0cvap1rIXSGILRIGy39yjlNa7Jpf1IPdTzmAa6xaHRJn4pN1%2FzkyvJJjQmHkMt8CQW6cF6m0SNtMc8ThsZv7WgPOFaD4ZvfviylD9dXP5vIp8mR5CNrOfeiY%2B00aAHuvF1t2MaLNPvqVdRonO9c7pArFNBpqdg%2BfQlVlSzWfyNlapOh7lOs6%2BKRQ5uTHQKeDibb75C6UcgZTuPcUlnws928nqeU2opyBpYzMjXnGNMOrYWiOlpvcotjDLkiKtNP0puY2hD4IKnmz9P6Fj9BkobSQldTPsiJtZ7pF6MK%2Bpf8XfYL%2FQ0Y7odItlIGBiUGkQ9OkHrBPxz33KtYcMj2sRhgJPOBpnhpNJCpH7kNTU7E%2BQpT5R%2BkYqRfVLVz1vzFhD8a2J1BDkyP3hw%2FjZgpogAj26VubVmbWqS%2Br6QtBLF9lLKA1rgjo7uj%2BcQAL0GYp4eOqW0wLZKSzMqPTgOaHSdzoMvjyj%2BZ6IoyNUssDbHOVIfZsyZ8vaRkytg8WRLCSJpzWLEXWWusdrWT%2FPHlyj9%2BLrmG%2FwAPeQxjD%2F1lUMIraOqJXJOGR5ApO1b41geNF5uWgO8RDiitECshBYtTMBr110SlxZ5qM%2B2fJllHIdNtp2QNHtUpn7WHnR6eG4OZw7yj1aOxDUWgQYfBw7PCK9Us%2BMFZX3Pfq2BBz&checksum=273762891388de8a6576b72d4cf69ea7869a1d118c56
Vacheron Constantin Overseas 42042 Mens Watch,"493,526.00", ,https://www.ebay.com/itm/Vacheron-Constantin-Overseas-42042-Mens-Watch/223542886930?_trkparms=ispr%3D1&hash=item340c31c212:g:XmcAAOSwCilc-pK7&enc=AQAEAAACQBPxNw%2BVj6nta7CKEs3N0qXO6wRGVKzLom9HJvD4Viuy5ADcKS2rj881CavxsHScQYbXeNLffF5uDZ%2FiqkkmoJAA%2FcVdvCHIQ1Vy5z1hpzdyusOqnycGeHRaWF%2BxYZEr0aqUFS0zymQFfs7xnQeKrFlavm%2BXfV8KJu3D4IWcPqeFoX1J13fCwpUd%2Bi4iSMJM6A8uP1ofGEnDIYLpn4sAP69PKsr40Ax7vT30A37TphiS58hmfb7S9TQw7DWHkezGgyLmsiD0bavfV0rWG%2FXOXStZ6N0a1um6SpZtrHdcNTF1zaFft3yw0qIftu5IsLqZFthZtr3vZ09lqOVVMMxVUHbu3Qve9%2Fym%2BrEe1hmMud8yV6xAWFtQjBPZvo4tOXPnvpjgFH%2BR6FDufAoqjAYzGuO%2FOwwYSeq%2BFHiIAlv9GsQhcXR0dbk7uovhMAqxu3zVetsoTawLSV8wRJGM%2FibiM3X9y01tIrGM2OHCOn6U2CoQNVjscoPNMO3pboirHbNFjVcuReEO9SR%2FW7IZphm7M8LND2w%2FsVw7ak%2BFxdBnytlHEh%2BoMp7LarfbPK55LZpaPO0EH2HVM6e8K41Ljm5AM5XRwrfANN1w2lB%2B7s%2Fo03q%2B05QdQCk1nhEdz63P12H%2BB6nNpiRBZuvxbiUk%2FO0qafncAiECweFq6ynUUrJlu1yuM%2FstAX4amot7ilMRS6qhjzVz745SbNGAel9szB9TQTkarS0zA95uoPURfLwuSBQscAtauxOFpcQvHZLFwajeiw%3D%3D&checksum=223542886930de8a6576b72d4cf69ea7869a1d118c56&enc=AQAEAAACQBPxNw%2BVj6nta7CKEs3N0qXO6wRGVKzLom9HJvD4Viuy5ADcKS2rj881CavxsHScQYbXeNLffF5uDZ%2FiqkkmoJAA%2FcVdvCHIQ1Vy5z1hpzdyusOqnycGeHRaWF%2BxYZEr0aqUFS0zymQFfs7xnQeKrFlavm%2BXfV8KJu3D4IWcPqeFoX1J13fCwpUd%2Bi4iSMJM6A8uP1ofGEnDIYLpn4sAP69PKsr40Ax7vT30A37TphiS58hmfb7S9TQw7DWHkezGgyLmsiD0bavfV0rWG%2FXOXStZ6N0a1um6SpZtrHdcNTF1zaFft3yw0qIftu5IsLqZFthZtr3vZ09lqOVVMMxVUHbu3Qve9%2Fym%2BrEe1hmMud8yV6xAWFtQjBPZvo4tOXPnvpjgFH%2BR6FDufAoqjAYzGuO%2FOwwYSeq%2BFHiIAlv9GsQhcXR0dbk7uovhMAqxu3zVetsoTawLSV8wRJGM%2FibiM3X9y01tIrGM2OHCOn6U2CoQNVjscoPNMO3pboirHbNFjVcuReEO9SR%2FW7IZphm7M8LND2w%2FsVw7ak%2BFxdBnytlHEh%2BoMp7LarfbPK55LZpaPO0EH2HVM6e8K41Ljm5AM5XRwrfANN1w2lB%2B7s%2Fo03q%2B05QdQCk1nhEdz63P12H%2BB6nNpiRBZuvxbiUk%2FO0qafncAiECweFq6ynUUrJlu1yuM%2FstAX4amot7ilMRS6qhjzVz745SbNGAel9szB9TQTkarS0zA95uoPURfLwuSBQscAtauxOFpcQvHZLFwajeiw%3D%3D&checksum=223542886930de8a6576b72d4cf69ea7869a1d118c56
Graham Chronofighter Prodive Chronograph Men's Watch 2CDAB.B02A.T,"257,171.47", ,https://www.ebay.com/itm/Graham-Chronofighter-Prodive-Chronograph-Mens-Watch-2CDAB-B02A-T/283579754043?_trkparms=ispr%3D1&hash=item4206aba63b:g:WMkAAOSwfyJdjREq&enc=AQAEAAACMBPxNw%2BVj6nta7CKEs3N0qX%2F7PMPINLcjAay9tYJ%2BDackAfnNcbtYzaOSFWAfuKSIeTpYF9UA%2Bf8wDvLoKIaSUbDYKOmLTRM7XQ0fOJURVeIojwDgjWt0lG479RK4%2FTTJ3df9cDn7DiDtkAtaTsPnEdW1ef2nxp0M%2BXePoOEQkQfvxk%2FkVgPrB1EBF76nN%2BtIQheiLp6sOsCYYQ4p9Nc%2FDFwnSw2QhrPaJHAi%2BGLHQE00xpGIU31DpVge9G1WHrNFySFZ5xyMnOi66M2G33%2B83mcz9%2BnWvxOFVwModO5DE3v75hyK451JMjqWZQW2FueyPlskq9qb44xnNUDGp%2BGLajS4gx7x4Mm15UTJ0KhoTrH7zxOfGZAlM8ttxdg%2BagY3lGlAqy5nbpZNjQgFDvToyWXBEC%2FElbEb7KBgqcNPn45QJ7nGyWkMvyP%2BZAjLbc%2FSOqsIjW9juIPXomoSo2OBp7JESd4%2Bkyaohr7o2vZpBll%2F6egIUPpR0Kpx0rMHVzgK2Fub0yKUgeINW2hr7BMWeIb01XEXQJte4jzKu2ZHeOoIfKspBNzTatF3rccmMHjponwUsVVdBLtr9j9xALSVCnCywMD%2FJRKcg%2BsxolMnT%2BdkF7uv%2FXX8HjlPsDrerJZMXv5wkwWdTXiE2BtUUhUNlEMfljpr%2BKO3i1AWTKUqeh2TNzUtDvga0yI6YyRIum9qGNZcx6JWWfl05S%2FJCjY7UpS%2B5VkgrYRg2RxpMEgIqIb&checksum=283579754043de8a6576b72d4cf69ea7869a1d118c56&enc=AQAEAAACMBPxNw%2BVj6nta7CKEs3N0qX%2F7PMPINLcjAay9tYJ%2BDackAfnNcbtYzaOSFWAfuKSIeTpYF9UA%2Bf8wDvLoKIaSUbDYKOmLTRM7XQ0fOJURVeIojwDgjWt0lG479RK4%2FTTJ3df9cDn7DiDtkAtaTsPnEdW1ef2nxp0M%2BXePoOEQkQfvxk%2FkVgPrB1EBF76nN%2BtIQheiLp6sOsCYYQ4p9Nc%2FDFwnSw2QhrPaJHAi%2BGLHQE00xpGIU31DpVge9G1WHrNFySFZ5xyMnOi66M2G33%2B83mcz9%2BnWvxOFVwModO5DE3v75hyK451JMjqWZQW2FueyPlskq9qb44xnNUDGp%2BGLajS4gx7x4Mm15UTJ0KhoTrH7zxOfGZAlM8ttxdg%2BagY3lGlAqy5nbpZNjQgFDvToyWXBEC%2FElbEb7KBgqcNPn45QJ7nGyWkMvyP%2BZAjLbc%2FSOqsIjW9juIPXomoSo2OBp7JESd4%2Bkyaohr7o2vZpBll%2F6egIUPpR0Kpx0rMHVzgK2Fub0yKUgeINW2hr7BMWeIb01XEXQJte4jzKu2ZHeOoIfKspBNzTatF3rccmMHjponwUsVVdBLtr9j9xALSVCnCywMD%2FJRKcg%2BsxolMnT%2BdkF7uv%2FXX8HjlPsDrerJZMXv5wkwWdTXiE2BtUUhUNlEMfljpr%2BKO3i1AWTKUqeh2TNzUtDvga0yI6YyRIum9qGNZcx6JWWfl05S%2FJCjY7UpS%2B5VkgrYRg2RxpMEgIqIb&checksum=283579754043de8a6576b72d4cf69ea7869a1d118c56
VINTAGE MEN'S LONGINES STAINLESS STEEL WRIST WATCH CASE # 3241,"1,135.27", ,https://www.ebay.com/itm/VINTAGE-MENS-LONGINES-STAINLESS-STEEL-WRIST-WATCH-CASE-3241/174067036918?hash=item28873432f6:g:X9MAAOSwFEhdpv9n
New Breitling Premier Chronograph 42 Blue Dial Men's Watch A1331535/CA19-452A,"322,269.12", ,https://www.ebay.com/itm/New-Breitling-Premier-Chronograph-42-Blue-Dial-Mens-Watch-A1331535-CA19-452A/383092802883?hash=item59321c4543:g:SyIAAOSwRINdlnDU
New Tag Heuer Formula 1 Quartz Blue Dial Stainless Men's Watch WAZ1118.BA0875,"64,739.97",1,https://www.ebay.com/itm/New-Tag-Heuer-Formula-1-Quartz-Blue-Dial-Stainless-Mens-Watch-WAZ1118-BA0875/383171945006?epid=11019244463&hash=item5936d3e22e:g:1EYAAOSwM4pdjcAV
MENS WATCH BY NIXON RANGER WATCH ALL GUNMETAL,"2,145.36", ,https://www.ebay.com/itm/MENS-WATCH-BY-NIXON-RANGER-WATCH-ALL-GUNMETAL/303323205188?hash=item469f78ce44:g:DEEAAOSwiHRdj5G9
Bulgari Diagono Chronograph Steel Black Dial Automatic 42 mm Mens Watch DG42SVCH,"264,682.74", ,https://www.ebay.com/itm/Bulgari-Diagono-Chronograph-Steel-Black-Dial-Automatic-42-mm-Mens-Watch-DG42SVCH/143158596460?hash=item2154ead36c:g:-wMAAOSwh5Zcfagj
Graham Silverstone Stowe GMT Chronograph Automatic Men's Watch - 2BLAS.B10A,"354,102.58", ,https://www.ebay.com/itm/Graham-Silverstone-Stowe-GMT-Chronograph-Automatic-Mens-Watch-2BLAS-B10A/283644323011?hash=item420a84e4c3:g:92IAAOSwI2xbdJ1R
Vintage watch Gloria geneva Telemetre mens,536.52, ,https://www.ebay.com/itm/Vintage-watch-Gloria-geneva-Telemetre-mens/293280153373?hash=item4448dbff1d:g:tGEAAOSwaCtdpQvP
Graham Silverstone Stowe Racing Chronograph Automatic Men's Watch - 2BLDC.Y26A,"275,413.12", ,https://www.ebay.com/itm/Graham-Silverstone-Stowe-Racing-Chronograph-Automatic-Mens-Watch-2BLDC-Y26A/293280362573?hash=item4448df304d:g:-wUAAOSwBzpbmqTC
Rolex Datejust Steel Yellow Gold Brown Strap Vintage Mens Watch 1601,"258,244.51", ,https://www.ebay.com/itm/Rolex-Datejust-Steel-Yellow-Gold-Brown-Strap-Vintage-Mens-Watch-1601/333363567222?hash=item4d9e045a76:g:VUwAAOSw6MBdpk3E
Cartier Santos 100 XL 2656 Mens Watch,"321,839.90",3,https://www.ebay.com/itm/Cartier-Santos-100-XL-2656-Mens-Watch/223560601214?_trkparms=ispr%3D1&hash=item340d400e7e:g:5T8AAOSwMKVdDUe7&enc=AQAEAAACQBPxNw%2BVj6nta7CKEs3N0qX6wUtClGfVBo4tEy0kAijj8WbzHShStPIeEgyGIOrgeJ2G3D98KQlinW%2FjQpIB2G4QINcg7LUnBmL0PQj0QerUj%2B%2BbhnDPle8g3TV2%2BVFiJ9XDE%2FCnY6s5QdQGR5astH1p6haw8DCrC34a5ktYFGEUV13La2IC75kqbztUeGpMaIMVv6FT1D8%2BIPmr0lQwxUzCDXW3f8erfDixz1EydrVV87QCkJWHgfbMb5x%2FcJ2qeIIw3ZK2p1x%2FOntlGAdm%2BYgnpJ85GOosMybn3Xt%2FuJBCIUvUzXqQnxta%2BqqK8BHo7eiHwN0GrsUQ0HLgqfS64Qecw9Ve1GIUkLhZPqXqO09NGyrQM6oI1NjLux9Z25x5XHS0bsWlTW0g%2B8lr%2FHKcVDYIdiy2QreUpgTWH9%2FD9Ct47DsqhL%2FnIxiyBWv%2Bjpog%2BsY5LAHwdVzC6XRxod%2Bv6g%2FgHfarjjmUhOPfl%2FDr75ZqYn1LBonStyDmUp46zc2dAqvOyWVp9xQWCxtM7fQX8w%2B4VgQ3QaSl2q2ra12je82XgQkGXmMn4unbjZOoA%2B2vHW4XiK%2F7baCJuZFF6gMNTO4vv%2FZIXE0RJ%2FCwv49t2fZP%2F4kwCBfAVXsmZFcX4Y698JaZ%2FyrGG9TvH7%2B1i4w9MEyOEFLHV8QrqokBSS%2FxkWyXj82as0gAogaXsnmQ83Vne4iN5KE8v1%2FGv8YlQKvkCmvUTMQQplTcoAk7ir5FSyAHT6NYQRrKg9O1bdxmFeQihw%3D%3D&checksum=223560601214de8a6576b72d4cf69ea7869a1d118c56&enc=AQAEAAACQBPxNw%2BVj6nta7CKEs3N0qX6wUtClGfVBo4tEy0kAijj8WbzHShStPIeEgyGIOrgeJ2G3D98KQlinW%2FjQpIB2G4QINcg7LUnBmL0PQj0QerUj%2B%2BbhnDPle8g3TV2%2BVFiJ9XDE%2FCnY6s5QdQGR5astH1p6haw8DCrC34a5ktYFGEUV13La2IC75kqbztUeGpMaIMVv6FT1D8%2BIPmr0lQwxUzCDXW3f8erfDixz1EydrVV87QCkJWHgfbMb5x%2FcJ2qeIIw3ZK2p1x%2FOntlGAdm%2BYgnpJ85GOosMybn3Xt%2FuJBCIUvUzXqQnxta%2BqqK8BHo7eiHwN0GrsUQ0HLgqfS64Qecw9Ve1GIUkLhZPqXqO09NGyrQM6oI1NjLux9Z25x5XHS0bsWlTW0g%2B8lr%2FHKcVDYIdiy2QreUpgTWH9%2FD9Ct47DsqhL%2FnIxiyBWv%2Bjpog%2BsY5LAHwdVzC6XRxod%2Bv6g%2FgHfarjjmUhOPfl%2FDr75ZqYn1LBonStyDmUp46zc2dAqvOyWVp9xQWCxtM7fQX8w%2B4VgQ3QaSl2q2ra12je82XgQkGXmMn4unbjZOoA%2B2vHW4XiK%2F7baCJuZFF6gMNTO4vv%2FZIXE0RJ%2FCwv49t2fZP%2F4kwCBfAVXsmZFcX4Y698JaZ%2FyrGG9TvH7%2B1i4w9MEyOEFLHV8QrqokBSS%2FxkWyXj82as0gAogaXsnmQ83Vne4iN5KE8v1%2FGv8YlQKvkCmvUTMQQplTcoAk7ir5FSyAHT6NYQRrKg9O1bdxmFeQihw%3D%3D&checksum=223560601214de8a6576b72d4cf69ea7869a1d118c56
Graham Chronofighter 1695 Chronograph Automatic Men's Watch 2CXAS.B05A,"203,877.24", ,https://www.ebay.com/itm/Graham-Chronofighter-1695-Chronograph-Automatic-Mens-Watch-2CXAS-B05A/293235607688?_trkparms=ispr%3D1&hash=item4446344888:g:qmgAAOSwGzxdTdcV&enc=AQAEAAACMBPxNw%2BVj6nta7CKEs3N0qXg253l9Ma%2BWgIPLlfAkSs28gznVEjUJhFUIjboVDV45W6nrKL47H1ZJqP2HqpiNrtPoAU8sVdF9HHVl24rgnUPSFFJGgKjj2MlCvY9%2FXlvO93lJe99s3ET7tF82r0bf5trlO6EWpWc0w8b3SqMQR5siN7g%2B3CYVE9ztRzHn4%2B3UQeVn0pq47NYSOgvOBI4buEVaMWBmGEALwzTx2gDp8Pen8oB%2Bgf1E%2Bimx08asrEbSh4dvi99RROkuqsbn44o2OHRT3xOjHYRWyCcUTkvid3Zew1UVXEcBhlJByV9HALp6MeXaWAvdLmsEr9XPlTdF%2BPi79oiKdubK4uX2q6KBp%2FmiEYESK2AZOmnS9Ahqmwp5%2F89UfGdJK3%2BjXn%2FdpWEdOz2rKKF7Tp512rcYg1N%2Fb33vHnVc4s7KKJYp18ShmM3%2BpjezUyoyNSdfpau%2FfqWjAYe9xcYTb%2BPMV7kh79G%2BFXd6u6kc6QY3VNsJ81B5UMij1u5vlR7XaHWAtRO9ufBmth3Qtra82vSFSG%2FeRIVdsnRD%2FHo9WTW%2FFVaW1kvf8NZYeNrPG8ELhiXWjC4lIwSEVZ%2FPNu9CkfxOamNl9v%2Bb8o06ogWdTAOqAvDL9xMMxXKWTXLWoBbK8xRqfuNAchPH%2FcF%2BK0H7McKmeYnyFZTm%2F3apQOTyuETYosR8BmgIfPD6WRZkEnTfa%2BgzO7Jwlvl8khliYrlZhK%2FEsd9mbSaFk09&checksum=293235607688de8a6576b72d4cf69ea7869a1d118c56&enc=AQAEAAACMBPxNw%2BVj6nta7CKEs3N0qXg253l9Ma%2BWgIPLlfAkSs28gznVEjUJhFUIjboVDV45W6nrKL47H1ZJqP2HqpiNrtPoAU8sVdF9HHVl24rgnUPSFFJGgKjj2MlCvY9%2FXlvO93lJe99s3ET7tF82r0bf5trlO6EWpWc0w8b3SqMQR5siN7g%2B3CYVE9ztRzHn4%2B3UQeVn0pq47NYSOgvOBI4buEVaMWBmGEALwzTx2gDp8Pen8oB%2Bgf1E%2Bimx08asrEbSh4dvi99RROkuqsbn44o2OHRT3xOjHYRWyCcUTkvid3Zew1UVXEcBhlJByV9HALp6MeXaWAvdLmsEr9XPlTdF%2BPi79oiKdubK4uX2q6KBp%2FmiEYESK2AZOmnS9Ahqmwp5%2F89UfGdJK3%2BjXn%2FdpWEdOz2rKKF7Tp512rcYg1N%2Fb33vHnVc4s7KKJYp18ShmM3%2BpjezUyoyNSdfpau%2FfqWjAYe9xcYTb%2BPMV7kh79G%2BFXd6u6kc6QY3VNsJ81B5UMij1u5vlR7XaHWAtRO9ufBmth3Qtra82vSFSG%2FeRIVdsnRD%2FHo9WTW%2FFVaW1kvf8NZYeNrPG8ELhiXWjC4lIwSEVZ%2FPNu9CkfxOamNl9v%2Bb8o06ogWdTAOqAvDL9xMMxXKWTXLWoBbK8xRqfuNAchPH%2FcF%2BK0H7McKmeYnyFZTm%2F3apQOTyuETYosR8BmgIfPD6WRZkEnTfa%2BgzO7Jwlvl8khliYrlZhK%2FEsd9mbSaFk09&checksum=293235607688de8a6576b72d4cf69ea7869a1d118c56
Mens Citizen Eco-Drive Diamond Black Stainless Steel Watch J165-S070091,"2,860.72", ,https://www.ebay.com/itm/Mens-Citizen-Eco-Drive-Diamond-Black-Stainless-Steel-Watch-J165-S070091/174066479134?hash=item28872bb01e:g:X-UAAOSw6IldbGmj
Rolex GMT II Mens 18k Yellow Gold Steel Watch Serti Dial 16713,"912,082.41", ,https://www.ebay.com/itm/Rolex-GMT-II-Mens-18k-Yellow-Gold-Steel-Watch-Serti-Dial-16713/254390022553?hash=item3b3ad3b199:g:670AAOSwHX9dpgGX
Rolex Datejust 36 Steel White Gold Silver Dial Mens Watch 16234,"363,402.25", ,https://www.ebay.com/itm/Rolex-Datejust-36-Steel-White-Gold-Silver-Dial-Mens-Watch-16234/274053688454?epid=23025704207&hash=item3fcedf6c86:g:ebsAAOSwgrBdpjT4
Mens Citizen Eco-Drive Nighthawk Gold SS Chronograph Diamond Watch B612-S092965,"7,152.87", ,https://www.ebay.com/itm/Mens-Citizen-Eco-Drive-Nighthawk-Gold-SS-Chronograph-Diamond-Watch-B612-S092965/174066471170?hash=item28872b9102:g:OEkAAOSwKb5dQ1aR
Graham Silverstone Woodcote II GMT Chronograph Men's Watch - 2GSIUS.B06A,"318,334.64", ,https://www.ebay.com/itm/Graham-Silverstone-Woodcote-II-GMT-Chronograph-Mens-Watch-2GSIUS-B06A/283644324591?hash=item420a84eaef:g:w44AAOSwNSJa83HK
Rolex Datejust 36 Steel 18K Yellow Gold Mens Watch 16233,"408,469.85", ,https://www.ebay.com/itm/Rolex-Datejust-36-Steel-18K-Yellow-Gold-Mens-Watch-16233/274053733396?hash=item3fcee01c14:g:FOMAAOSwo25dpkCK
Vintage Gruen Precision Mechanic Mens Wrist Watch NR,70.82, ,https://www.ebay.com/itm/Vintage-Gruen-Precision-Mechanic-Mens-Wrist-Watch-NR/274052788974?hash=item3fced1b2ee:g:uZYAAOSwRmldpV2F
Rolex Watch Men's Submariner 116610LN Stainless Steel Black Face 40mm,"899,921.31", ,https://www.ebay.com/itm/Rolex-Watch-Mens-Submariner-116610LN-Stainless-Steel-Black-Face-40mm/132848284093?epid=22030522691&_trkparms=ispr%3D1&hash=item1eee5ff1bd:g:U~gAAOSwowVdm3zb&enc=AQAEAAACQBPxNw%2BVj6nta7CKEs3N0qW32FTNRHUG%2F3gEE9r7LMyjq%2F5gPmhGmU5%2FR5ye5Svd%2Fz7DyCOFELtEH1a81VUhkdJkWu7Pqg1bl0ExCcl%2FXZ%2FhIdJUXsB4nnC9oQiTh1CNx2fF0psT%2Fec6BQcaQ3KnqACs4%2BhkycPMmrHLREpPL8Am6XRf5S%2F1vrkUN%2BcrUvGl98nTklrth%2FWLjAmLAm4fpm3wNCn9pUY5TilCvOMJhPLqSCanqpX1EOVuTgm8EgVrCvaG8JH3CgBZG9BeM0ENjXh6mAWU%2Bm%2FIgYsWUJ2bwFNGZiMVqOI0FVRXcjGHaaOpiWCGuXHeony90l1bzT8HbbNEl552F%2FBJ9DfXELx7NfK5NC%2FV1ObWyZgRY5AttrK3tKHHDdB5HxNThGSCf7RvPo4dIrgQboMK336dmFiRxFOrzBj3bpDGMmesenubtbzi59X8cIdxCo4p0yWz8P%2FzQHiPxvA4g3oO1sfR1N6A%2BaeA6qj9iYxynp%2FTMfRb2G0Wc2ATH0dEvCivlTgZpwvbg3qh0nb%2BJWSP55C%2BoikUO4Y62mfJchyikG2XNosGJGmlQwTGWdjMLK%2BFyokI67u9ipe2bWt3Ilm5jUtqfNOurTbyglwa78k8J3IhDRMcBfohkuUdPBuwTW4%2FMrMvtMJ%2Fig5kMbvjXYsIdR76wTQ8WSkDIUhjC8v5V%2Fb5T8rCbHaR6449sJfgE01RlB%2FEevWTMysRTRmFX8epxGF17QoOBpfzF1ru2wZjkmq88lUqVQVwZQ%3D%3D&checksum=132848284093de8a6576b72d4cf69ea7869a1d118c56&enc=AQAEAAACQBPxNw%2BVj6nta7CKEs3N0qW32FTNRHUG%2F3gEE9r7LMyjq%2F5gPmhGmU5%2FR5ye5Svd%2Fz7DyCOFELtEH1a81VUhkdJkWu7Pqg1bl0ExCcl%2FXZ%2FhIdJUXsB4nnC9oQiTh1CNx2fF0psT%2Fec6BQcaQ3KnqACs4%2BhkycPMmrHLREpPL8Am6XRf5S%2F1vrkUN%2BcrUvGl98nTklrth%2FWLjAmLAm4fpm3wNCn9pUY5TilCvOMJhPLqSCanqpX1EOVuTgm8EgVrCvaG8JH3CgBZG9BeM0ENjXh6mAWU%2Bm%2FIgYsWUJ2bwFNGZiMVqOI0FVRXcjGHaaOpiWCGuXHeony90l1bzT8HbbNEl552F%2FBJ9DfXELx7NfK5NC%2FV1ObWyZgRY5AttrK3tKHHDdB5HxNThGSCf7RvPo4dIrgQboMK336dmFiRxFOrzBj3bpDGMmesenubtbzi59X8cIdxCo4p0yWz8P%2FzQHiPxvA4g3oO1sfR1N6A%2BaeA6qj9iYxynp%2FTMfRb2G0Wc2ATH0dEvCivlTgZpwvbg3qh0nb%2BJWSP55C%2BoikUO4Y62mfJchyikG2XNosGJGmlQwTGWdjMLK%2BFyokI67u9ipe2bWt3Ilm5jUtqfNOurTbyglwa78k8J3IhDRMcBfohkuUdPBuwTW4%2FMrMvtMJ%2Fig5kMbvjXYsIdR76wTQ8WSkDIUhjC8v5V%2Fb5T8rCbHaR6449sJfgE01RlB%2FEevWTMysRTRmFX8epxGF17QoOBpfzF1ru2wZjkmq88lUqVQVwZQ%3D%3D&checksum=132848284093de8a6576b72d4cf69ea7869a1d118c56
Mens Rolex Watch Day-Date 18k White Gold Factory Diamond Dial Serpentine Finish,"929,751.77", ,https://www.ebay.com/itm/Mens-Rolex-Watch-Day-Date-18k-White-Gold-Factory-Diamond-Dial-Serpentine-Finish/113787768530?epid=4031978248&_trkparms=ispr%3D1&hash=item1a7e478ed2:g:TdYAAOSwyRBdi9lH&enc=AQAEAAACQBPxNw%2BVj6nta7CKEs3N0qVLb7MBaJwWcRdY4hIZOHOO1y%2F%2FzKXgfJxvDTu5DwGgzdZVVA%2F%2FWAe52kWLojYfAMZz%2FpPRcC7LWCXEqdl7xq4ePh0s%2Bx3oOgFraWWFy%2FL5FVBoIcRKVLhjm074VBH%2Fg2bgh5B5HPljY%2BBCAVS4%2FN1iwiVnD39WNo2ssw7FgruwYIDR5SwGKTMyxPo%2ByiF2m0m%2B1UAPk4TIQI1Dbk71tMtzYDsIQzVDsVTmPfvAnPwyWQxv9mgtS9Eb4nLc72afiIKaN833ONBno%2B6BsSMLoGoKjKTqRoUI08bbIT93LGbnENDx%2BX33k8LIyT3mWH9kpjFTb34Z0XEx5npBN%2FoxG%2BR7pc3YROK8wktFL6VKiumLHFj8LapNIeW63v6gPQWXbwnLMYhQvS5vKJYkGX2aVgbUyxgEhv1GtXwgZlIQPDDywkT5P7Qb8GRiqYcWmhdWKZ1oBvZxp5Z3WKINeViGCIJoRIvhO7LmZc3hxooDiOIORc227gSrovTFzpppXXvWfbH%2FCKm2q6WmOLwUG6PjysF7QOwH5EY3CkM%2Bw3Rju01WWdU%2FO8QkD0%2BLB24%2FCm24rSuDOU38Qdq%2FyRTD8oGjN6cwDojl%2BkFDAjns49%2FeyfpvbxCw%2BruRFTtYQzjDVKI0GK6AMyAGICtNgvqcvZHKdrHlmsxx0uunV3kAwWigYTIxOVZ%2FmD3KYOqdAaFwBYDyH2hVbaPD7qdbLwKltYj9j2X%2F%2Fk2ZG65bfIB8lfzDOA6gzA%3D%3D&checksum=113787768530de8a6576b72d4cf69ea7869a1d118c56&enc=AQAEAAACQBPxNw%2BVj6nta7CKEs3N0qVLb7MBaJwWcRdY4hIZOHOO1y%2F%2FzKXgfJxvDTu5DwGgzdZVVA%2F%2FWAe52kWLojYfAMZz%2FpPRcC7LWCXEqdl7xq4ePh0s%2Bx3oOgFraWWFy%2FL5FVBoIcRKVLhjm074VBH%2Fg2bgh5B5HPljY%2BBCAVS4%2FN1iwiVnD39WNo2ssw7FgruwYIDR5SwGKTMyxPo%2ByiF2m0m%2B1UAPk4TIQI1Dbk71tMtzYDsIQzVDsVTmPfvAnPwyWQxv9mgtS9Eb4nLc72afiIKaN833ONBno%2B6BsSMLoGoKjKTqRoUI08bbIT93LGbnENDx%2BX33k8LIyT3mWH9kpjFTb34Z0XEx5npBN%2FoxG%2BR7pc3YROK8wktFL6VKiumLHFj8LapNIeW63v6gPQWXbwnLMYhQvS5vKJYkGX2aVgbUyxgEhv1GtXwgZlIQPDDywkT5P7Qb8GRiqYcWmhdWKZ1oBvZxp5Z3WKINeViGCIJoRIvhO7LmZc3hxooDiOIORc227gSrovTFzpppXXvWfbH%2FCKm2q6WmOLwUG6PjysF7QOwH5EY3CkM%2Bw3Rju01WWdU%2FO8QkD0%2BLB24%2FCm24rSuDOU38Qdq%2FyRTD8oGjN6cwDojl%2BkFDAjns49%2FeyfpvbxCw%2BruRFTtYQzjDVKI0GK6AMyAGICtNgvqcvZHKdrHlmsxx0uunV3kAwWigYTIxOVZ%2FmD3KYOqdAaFwBYDyH2hVbaPD7qdbLwKltYj9j2X%2F%2Fk2ZG65bfIB8lfzDOA6gzA%3D%3D&checksum=113787768530de8a6576b72d4cf69ea7869a1d118c56
Rolex Datejust Steel 18K Yellow Gold Diamond Dial Mens Watch 16233,"446,383.86", ,https://www.ebay.com/itm/Rolex-Datejust-Steel-18K-Yellow-Gold-Diamond-Dial-Mens-Watch-16233/254390097114?hash=item3b3ad4d4da:g:4R8AAOSwwO9dphb9
New Breitling Aviator 8 Chronograph 43 Curtiss Men's Watch A133161A1L1X1,"302,882.90", ,https://www.ebay.com/itm/New-Breitling-Aviator-8-Chronograph-43-Curtiss-Mens-Watch-A133161A1L1X1/352747831853?hash=item522168c22d:g:OyoAAOSw8fddonHN
Mens Invicta Limited Edition Two Tone Stainless Automatic Steel Divers Watch,"4,291.44", ,https://www.ebay.com/itm/Mens-Invicta-Limited-Edition-Two-Tone-Stainless-Automatic-Steel-Divers-Watch/183996824040?hash=item2ad710b9e8:g:ER4AAOSwJshdjALA
Rolex Date Blue Dial Engine Turned Bezel Steel Mens Watch 15210,"303,312.11", ,https://www.ebay.com/itm/Rolex-Date-Blue-Dial-Engine-Turned-Bezel-Steel-Mens-Watch-15210/274053626597?hash=item3fcede7ae5:g:gBsAAOSwutpdpiei
New Breitling Navitimer 1 B01 Chronograph 43  Men's Watch AB012121/G835-450A,"462,121.75", ,https://www.ebay.com/itm/New-Breitling-Navitimer-1-B01-Chronograph-43-Mens-Watch-AB012121-G835-450A/401840753752?hash=item5d8f934c58:g:L1IAAOSw6-hdjhqc
Brand New! Invicta 0072 Mens Pro Diver Scuba Quartz Black Dial Gold Plated Watch,"7,797.41", ,https://www.ebay.com/itm/Brand-New-Invicta-0072-Mens-Pro-Diver-Scuba-Quartz-Black-Dial-Gold-Plated-Watch/333358064263?hash=item4d9db06287:g:5ioAAOSw5LRdoPag
New Breitling Premier Automatic Day & Date 40  Men's Watch A4534024/BH02-507X,"218,756.71", ,https://www.ebay.com/itm/New-Breitling-Premier-Automatic-Day-Date-40-Mens-Watch-A4534024-BH02-507X/352715772909?hash=item521f7f93ed:g:mcEAAOSwb~1dg-M0
Rolex Air King Silver Dial 34mm Oyster Bracelet Steel Mens Watch 14010,"273,267.04", ,https://www.ebay.com/itm/Rolex-Air-King-Silver-Dial-34mm-Oyster-Bracelet-Steel-Mens-Watch-14010/254390017647?hash=item3b3ad39e6f:g:zKcAAOSwTbRdpgBp
Mens Citizen Eco-Drive Nighthawk Gold SS Chronograph Diamond Watch B612-S092965,"6,723.66", ,https://www.ebay.com/itm/Mens-Citizen-Eco-Drive-Nighthawk-Gold-SS-Chronograph-Diamond-Watch-B612-S092965/183996819522?hash=item2ad710a842:g:5BwAAOSwDMVdP6OV
Omega Seamaster Blue Wave Dial Steel Mens Watch 2265.80.00,"153,086.77", ,https://www.ebay.com/itm/Omega-Seamaster-Blue-Wave-Dial-Steel-Mens-Watch-2265-80-00/254390244583?hash=item3b3ad714e7:g:A2UAAOSwrCFdpkad
Rolex Datejust Steel Yellow Gold Vintage Mens Watch 16013 Box Papers,"386,293.73", ,https://www.ebay.com/itm/Rolex-Datejust-Steel-Yellow-Gold-Vintage-Mens-Watch-16013-Box-Papers/254390236936?hash=item3b3ad6f708:g:oxMAAOSwATddpkNm
Mens Citizen Eco-Drive Promaster Skyhawk Stainless Steel Watch C652-S082072,"10,014.31", ,https://www.ebay.com/itm/Mens-Citizen-Eco-Drive-Promaster-Skyhawk-Stainless-Steel-Watch-C652-S082072/183996821207?hash=item2ad710aed7:g:ZMYAAOSwX4FdUL7k
Rolex Date White Dial Engine Turned Bezel Steel Mens Watch 15210,"303,312.11", ,https://www.ebay.com/itm/Rolex-Date-White-Dial-Engine-Turned-Bezel-Steel-Mens-Watch-15210/254390012811?hash=item3b3ad38b8b:g:7A8AAOSwO0Vdpf8b
Graham Chronofighter ProDive Chronograph Men's Watch - 2CDAV.B02A,"293,297.09", ,https://www.ebay.com/itm/Graham-Chronofighter-ProDive-Chronograph-Mens-Watch-2CDAV-B02A/273885397223?epid=1130142433&_trkparms=ispr%3D1&hash=item3fc4d780e7:g:HPwAAOSwyhNdAA68&enc=AQAEAAACMBPxNw%2BVj6nta7CKEs3N0qXOJ2hLgByR%2FDzew2TtSRh7DmO2uDnGVQ13ZlQzRQZqpDbhg32ChPBo4224eey4wS7sWsfCJkzTkZkTtCPunX%2FHOwudFsaLWtgOEBqI%2BsBxvJMTCtz%2FWMA%2BQLwp5YyMyzJ97SA9nN37WRT305%2FeuvS0nIuIVNFPCtbp5cNRFwvZJC2HoSNeRhH%2B%2BrEILS2l2PNQ9yk9soJNEdT6LHNHdPIO8f%2FE%2FTuaKvKsBpRM4Q76FWbcWkUIIyoVe02u8NkE5NstMRPGq%2FLVYQV5jzxuJQ9RQH1HyfOjdsoJBZu49UBgXw8QBiQI%2F0DWVNsWggDqK6aeiv1PcOuq%2FG0xvmvpKyrvdOFcW1CwLpTm2NUb17ecXSxKPEIcaKe3D25NhwLk28%2FZoNE533d%2B7riuwS4OIiBXj%2FqRLPiFReGcUEBEVzamIm1Rx7C1zUdDRnTVrawceNksctKjOiStfcRCMIRHdpPhZdnn%2B6UkthDOxDO6Olchi71kSdE1rOzGI2cD%2FwEHywql%2Beu6tQsEPE2JaWsWaKZ8uBLn6ynwCPrZeLdOkIvhyXNdCvH7giJlQaHTZHbqZt5hAiTi5KES5T4rGF%2FX1jckcj6eggDbI6fBuAFTEi%2BbpaZZJfFNs0ugM8EIdEC%2Fnm05uOmqT%2FC60wKtIKILtK%2FlCOJkLDNulGPSV%2BYctAuslnr%2Bp7fbq1iWDmUJiA%2BvQ9yVGKAqzMO7lEoUUW7nbOqu&checksum=273885397223de8a6576b72d4cf69ea7869a1d118c56&enc=AQAEAAACMBPxNw%2BVj6nta7CKEs3N0qXOJ2hLgByR%2FDzew2TtSRh7DmO2uDnGVQ13ZlQzRQZqpDbhg32ChPBo4224eey4wS7sWsfCJkzTkZkTtCPunX%2FHOwudFsaLWtgOEBqI%2BsBxvJMTCtz%2FWMA%2BQLwp5YyMyzJ97SA9nN37WRT305%2FeuvS0nIuIVNFPCtbp5cNRFwvZJC2HoSNeRhH%2B%2BrEILS2l2PNQ9yk9soJNEdT6LHNHdPIO8f%2FE%2FTuaKvKsBpRM4Q76FWbcWkUIIyoVe02u8NkE5NstMRPGq%2FLVYQV5jzxuJQ9RQH1HyfOjdsoJBZu49UBgXw8QBiQI%2F0DWVNsWggDqK6aeiv1PcOuq%2FG0xvmvpKyrvdOFcW1CwLpTm2NUb17ecXSxKPEIcaKe3D25NhwLk28%2FZoNE533d%2B7riuwS4OIiBXj%2FqRLPiFReGcUEBEVzamIm1Rx7C1zUdDRnTVrawceNksctKjOiStfcRCMIRHdpPhZdnn%2B6UkthDOxDO6Olchi71kSdE1rOzGI2cD%2FwEHywql%2Beu6tQsEPE2JaWsWaKZ8uBLn6ynwCPrZeLdOkIvhyXNdCvH7giJlQaHTZHbqZt5hAiTi5KES5T4rGF%2FX1jckcj6eggDbI6fBuAFTEi%2BbpaZZJfFNs0ugM8EIdEC%2Fnm05uOmqT%2FC60wKtIKILtK%2FlCOJkLDNulGPSV%2BYctAuslnr%2Bp7fbq1iWDmUJiA%2BvQ9yVGKAqzMO7lEoUUW7nbOqu&checksum=273885397223de8a6576b72d4cf69ea7869a1d118c56
Graham Chronofighter Prodive Chronograph Men's Watch 2CDAB.B02A.D,"257,171.47", ,https://www.ebay.com/itm/Graham-Chronofighter-Prodive-Chronograph-Mens-Watch-2CDAB-B02A-D/273956512132?epid=19031628393&_trkparms=ispr%3D1&hash=item3fc914a184:g:M90AAOSwFMtdjRFG&enc=AQAEAAACMBPxNw%2BVj6nta7CKEs3N0qU4ZBzD4f%2F3RXk6Y1kJj9fGIxiHtbIjC3qKRp02C6u9HhA5Kgn9tgZEVAJ%2BtXXrs60zxxLtAZ3QXK%2FeVNLbmbRELZFSfu12VFBxa%2BEIrAndKRrz1dh%2FepW%2BsI1gMVW5LcLXYGjLJiB4yerwexP9P1YcJO5f3dWzwvL%2BHphNlQO7vijobH%2BKCjwM9K%2FXYs2TBY24GGmDmatUBtmN%2Ft41DydHaERPWacWNEiKAChKBSTDIfopkCpFLatAhqlhiewlXyz5ZNEYH6Q9pNAYpB3DR1kg%2BWuJp5DuTpwK%2FhvvOd5B645frIFHkvOzsjXryh4o%2FzQg4CWspj1yZe%2FVITQnVfpQdU%2B9Q%2BOissHYgPY1WG8vWCfNDfpyd60c0TCVEfWLFwzVXGmvGbiL7%2FUL2i1tUkO838%2FwaETHlfWRDSjpzzZU0PQNje%2FAfgQeq%2BUbMS40uVSa%2FCQrwqgFpZeF6Ly3UCg%2ByCfgG5kXvibQBUqJpZibqc2wdhIEW0OqZZp1vOIp7JKIp3c703S%2FhZljP0VNBSF8dRuP5XXiCfX9wW66aCv729Mwic1SJDN978U7osrYE0vQGli3%2B3MQQCFFs4SzEUMhy2h6%2BfmqLJZul6eDKNYurBKbA6HIuGiA7uRFuX0SPg2%2BHt94MCNbtcs3jgrJYr6ySwFLPG%2BTi1OxwXT%2FPVGf%2FW%2BpUrW0JO0t26hrS4E1JEhTFa8eahVAtZHBN15sm5BF&checksum=273956512132de8a6576b72d4cf69ea7869a1d118c56&enc=AQAEAAACMBPxNw%2BVj6nta7CKEs3N0qU4ZBzD4f%2F3RXk6Y1kJj9fGIxiHtbIjC3qKRp02C6u9HhA5Kgn9tgZEVAJ%2BtXXrs60zxxLtAZ3QXK%2FeVNLbmbRELZFSfu12VFBxa%2BEIrAndKRrz1dh%2FepW%2BsI1gMVW5LcLXYGjLJiB4yerwexP9P1YcJO5f3dWzwvL%2BHphNlQO7vijobH%2BKCjwM9K%2FXYs2TBY24GGmDmatUBtmN%2Ft41DydHaERPWacWNEiKAChKBSTDIfopkCpFLatAhqlhiewlXyz5ZNEYH6Q9pNAYpB3DR1kg%2BWuJp5DuTpwK%2FhvvOd5B645frIFHkvOzsjXryh4o%2FzQg4CWspj1yZe%2FVITQnVfpQdU%2B9Q%2BOissHYgPY1WG8vWCfNDfpyd60c0TCVEfWLFwzVXGmvGbiL7%2FUL2i1tUkO838%2FwaETHlfWRDSjpzzZU0PQNje%2FAfgQeq%2BUbMS40uVSa%2FCQrwqgFpZeF6Ly3UCg%2ByCfgG5kXvibQBUqJpZibqc2wdhIEW0OqZZp1vOIp7JKIp3c703S%2FhZljP0VNBSF8dRuP5XXiCfX9wW66aCv729Mwic1SJDN978U7osrYE0vQGli3%2B3MQQCFFs4SzEUMhy2h6%2BfmqLJZul6eDKNYurBKbA6HIuGiA7uRFuX0SPg2%2BHt94MCNbtcs3jgrJYr6ySwFLPG%2BTi1OxwXT%2FPVGf%2FW%2BpUrW0JO0t26hrS4E1JEhTFa8eahVAtZHBN15sm5BF&checksum=273956512132de8a6576b72d4cf69ea7869a1d118c56
New Breitling Aviator 8 Chronograph 43 Curtiss Men's Watch AB01192A1L1X1,"384,499.61", ,https://www.ebay.com/itm/New-Breitling-Aviator-8-Chronograph-43-Curtiss-Mens-Watch-AB01192A1L1X1/383092323332?hash=item593214f404:g:DSkAAOSw9m5dgm5f
Vintage Mens Helbros Invincible Self Winding Watch W/Day & Date,"1,788.40", ,https://www.ebay.com/itm/Vintage-Mens-Helbros-Invincible-Self-Winding-Watch-W-Day-Date/312805554292?epid=1038563593&hash=item48d4a9f874:g:D40AAOSwKUZdn13x
Rolex Yachtmaster II Steel EveRose Gold Mercedes Hands Mens Watch 116681,"1,512,983.76", ,https://www.ebay.com/itm/Rolex-Yachtmaster-II-Steel-EveRose-Gold-Mercedes-Hands-Mens-Watch-116681/333363142443?hash=item4d9dfddf2b:g:x0gAAOSw-bBdpe1H
Bulgari Octo Roma Stainless Steel Automatic 41 mm Mens Automatic Watch OC41C6SLD,"382,716.93", ,https://www.ebay.com/itm/Bulgari-Octo-Roma-Stainless-Steel-Automatic-41-mm-Mens-Automatic-Watch-OC41C6SLD/142753927887?hash=item213ccc12cf:g:tsQAAOSwGWBazh5N
Citizen Alarm Chronograph WR100 Stainless Japan Mens Watch 6850-G81406K Works,"3,218.40", ,https://www.ebay.com/itm/Citizen-Alarm-Chronograph-WR100-Stainless-Japan-Mens-Watch-6850-G81406K-Works/113925205668?hash=item1a8678aea4:g:GLsAAOSwjT9dpmna
Omega Seamaster 41mm Black Wave Dial Steel Mens Watch 2254.50.00,"221,045.85", ,https://www.ebay.com/itm/Omega-Seamaster-41mm-Black-Wave-Dial-Steel-Mens-Watch-2254-50-00/254390253418?epid=70316108&hash=item3b3ad7376a:g:z3MAAOSwiS9dpkpJ
New Breitling Chronoliner Ceramic Pilots Men's Watch Y2431012/BE10-441X,"334,430.22", ,https://www.ebay.com/itm/New-Breitling-Chronoliner-Ceramic-Pilots-Mens-Watch-Y2431012-BE10-441X/352706540571?hash=item521ef2b41b:g:YO8AAOSwJmtdJZkP
Vintage Lassale (Seiko) Ultra Thin Men's Quartz Watch 7750-507H RO,"2,860.72", ,https://www.ebay.com/itm/Vintage-Lassale-Seiko-Ultra-Thin-Mens-Quartz-Watch-7750-507H-RO/233370320103?hash=item3655f47ce7:g:FJAAAOSwHX5dpknM
Rolex GMT Master II Green Hand Steel Mens Watch 116710 Box Card,"843,407.97", ,https://www.ebay.com/itm/Rolex-GMT-Master-II-Green-Hand-Steel-Mens-Watch-116710-Box-Card/254390118394?hash=item3b3ad527fa:g:UWcAAOSwJD5dph2I
Vintage Mens Fortis 1950s Automatic Swiss Made Wrist Watch,"7,152.87", ,https://www.ebay.com/itm/Vintage-Mens-Fortis-1950s-Automatic-Swiss-Made-Wrist-Watch/143412414656?hash=item21640bc8c0:g:77kAAOSwcTNdpkpD
Breitling Navitimer 01 Blue Dial Limited Edition Mens Watch AB0121 Unworn,"476,965.45", ,https://www.ebay.com/itm/Breitling-Navitimer-01-Blue-Dial-Limited-Edition-Mens-Watch-AB0121-Unworn/333363390134?hash=item4d9e01a6b6:g:4DgAAOSwPqFc9hXP
Fashion Business Mens Luxury Gold Tone Quartz Stainless Steel Wrist Watch New,213.89, ,https://www.ebay.com/itm/Fashion-Business-Mens-Luxury-Gold-Tone-Quartz-Stainless-Steel-Wrist-Watch-New/183996868952?hash=item2ad7116958:g:7PoAAOSw8ZhdDZbV
Omega Seamaster Professional 2531.80.00 Mens Watch,"193,075.33", ,https://www.ebay.com/itm/Omega-Seamaster-Professional-2531-80-00-Mens-Watch/223526882480?hash=item340b3d8cb0:g:2pwAAOSwMSFc5cOV
Rolex Oyster Perpetual Air King Rhodium Dial Mens Watch 114210 Box Card,"341,226.12", ,https://www.ebay.com/itm/Rolex-Oyster-Perpetual-Air-King-Rhodium-Dial-Mens-Watch-114210-Box-Card/274053615974?hash=item3fcede5166:g:UJIAAOSwfwRdpiRq
Hugo Boss Men's Watch 1512634,"11,503.68", ,https://www.ebay.com/itm/Hugo-Boss-Mens-Watch-1512634/392479783778?hash=item5b619e3b62:g:4oIAAOSw30JdpEV-
New Breitling Aviator 8 Chronograph 43 Curtiss Men's Watch AB01192A1L1X2,"422,347.81",1,https://www.ebay.com/itm/New-Breitling-Aviator-8-Chronograph-43-Curtiss-Mens-Watch-AB01192A1L1X2/352747905749?hash=item522169e2d5:g:K8IAAOSwPfBdonJB
New Breitling Aviator 8 Automatic Day & Date 41  Men's Watch A4533010/CA10-494X,"216,109.88", ,https://www.ebay.com/itm/New-Breitling-Aviator-8-Automatic-Day-Date-41-Mens-Watch-A4533010-CA10-494X/352643603258?hash=item521b325b3a:g:eGMAAOSwUP1dgnIQ
Vintage Gruen Precision Mans Hand Wind Stainless Steel Watch,70.82, ,https://www.ebay.com/itm/Vintage-Gruen-Precision-Mans-Hand-Wind-Stainless-Steel-Watch/274052791491?hash=item3fced1bcc3:g:uaoAAOSw0j5dpV48
Cartier Calibre Silver Dial Chronograph Mens Watch W7100045 Box Papers,"537,055.58", ,https://www.ebay.com/itm/Cartier-Calibre-Silver-Dial-Chronograph-Mens-Watch-W7100045-Box-Papers/254338118480?hash=item3b37bbb350:g:a5sAAOSwsnldXxjd
Cartier Drive Steel Chronograph Mens Watch WSNM0005 Box Papers,"552,078.12", ,https://www.ebay.com/itm/Cartier-Drive-Steel-Chronograph-Mens-Watch-WSNM0005-Box-Papers/273992450642?hash=item3fcb390252:g:~m8AAOSwJiJbGbUx
ANTIQUE wrist watch ELGIN U.S.A. DECO STYLE MENS,500.75, ,https://www.ebay.com/itm/ANTIQUE-wrist-watch-ELGIN-U-S-A-DECO-STYLE-MENS/372805599824?hash=item56ccf20250:g:kIQAAOSwmXtdplZ7
IWC Portuguese IW3714-17  Men Watch,"371,915.02", ,https://www.ebay.com/itm/IWC-Portuguese-IW3714-17-Men-Watch/223533272974?_trkparms=ispr%3D1&hash=item340b9f0f8e:g:4G4AAOSweExc7YgH&enc=AQAEAAACQBPxNw%2BVj6nta7CKEs3N0qVdTDtOutw2c7xZeH9ygtpMl8dV9xvGV%2BySPCwxA1H%2F4dAqqUwfVro6y%2B5RJ9pGv8EDLLTWCiGImMZIgx4QRmD1KNYGt7Vyj9U3vdMGyQwTYGvdd6CjDono3SLZ5WTRS7jsoE4VguZZKgLzgl2B9s7FW6ijnWuWD%2BlojW%2F1G5gW7i6YKfSrM%2BI0KADDqS0z6U1xvNBJXsGwAq5HHA56zoU%2FqV5Wrow7tndJQrDtnFXp%2BmHNtFXL%2F2JVs20WsvJw7hSHpb19I6r0LmuZmLQNA3GXuaW%2BrLcTChqhcarleCoSjFeRIF0heYh1V52iuCXAg%2F3JypmoEzzbGIVomNX8v8fVCN%2FsDYk7FRwk8WwUfXnTNALW%2B0YNFTfNZ20cFfuo6apKUcJrj16bzvxi%2B%2FLr28cO0t6DKCdQVgWg6B6o%2FeE0ck7QPpKyK1BYnpcnbUncqKOWZiR7zdBHZ6n9%2FW8Vc%2BmZCoDbt9kbSryWJ9WTHjn6VdqeugqCtjDHiQONeQRIJzo4EqOA1HyG%2FYeTWsRy8%2FJIyQRzmiv4nq2w2ZEBvNKF0GBZ8jsI6PUBNmAfb71xKIBtLpbYiFOue1T6S1t5B1hD4DF%2Bdk5UHT53IvIPy6Vz6Tzjzxe5iHgvaowbqQeLyigPwE%2F4DgXFnzZi514SSPv83%2B9A4M93g7OMo1F1oIYODVOOYtoN9F1smRWpjlk9YpWsd0YnA%2F2xgq8YE8vN85sZF%2F%2B7AzK%2Fsfngku%2BBesZF%2Fw%3D%3D&checksum=223533272974de8a6576b72d4cf69ea7869a1d118c56&enc=AQAEAAACQBPxNw%2BVj6nta7CKEs3N0qVdTDtOutw2c7xZeH9ygtpMl8dV9xvGV%2BySPCwxA1H%2F4dAqqUwfVro6y%2B5RJ9pGv8EDLLTWCiGImMZIgx4QRmD1KNYGt7Vyj9U3vdMGyQwTYGvdd6CjDono3SLZ5WTRS7jsoE4VguZZKgLzgl2B9s7FW6ijnWuWD%2BlojW%2F1G5gW7i6YKfSrM%2BI0KADDqS0z6U1xvNBJXsGwAq5HHA56zoU%2FqV5Wrow7tndJQrDtnFXp%2BmHNtFXL%2F2JVs20WsvJw7hSHpb19I6r0LmuZmLQNA3GXuaW%2BrLcTChqhcarleCoSjFeRIF0heYh1V52iuCXAg%2F3JypmoEzzbGIVomNX8v8fVCN%2FsDYk7FRwk8WwUfXnTNALW%2B0YNFTfNZ20cFfuo6apKUcJrj16bzvxi%2B%2FLr28cO0t6DKCdQVgWg6B6o%2FeE0ck7QPpKyK1BYnpcnbUncqKOWZiR7zdBHZ6n9%2FW8Vc%2BmZCoDbt9kbSryWJ9WTHjn6VdqeugqCtjDHiQONeQRIJzo4EqOA1HyG%2FYeTWsRy8%2FJIyQRzmiv4nq2w2ZEBvNKF0GBZ8jsI6PUBNmAfb71xKIBtLpbYiFOue1T6S1t5B1hD4DF%2Bdk5UHT53IvIPy6Vz6Tzjzxe5iHgvaowbqQeLyigPwE%2F4DgXFnzZi514SSPv83%2B9A4M93g7OMo1F1oIYODVOOYtoN9F1smRWpjlk9YpWsd0YnA%2F2xgq8YE8vN85sZF%2F%2B7AzK%2Fsfngku%2BBesZF%2Fw%3D%3D&checksum=223533272974de8a6576b72d4cf69ea7869a1d118c56
Graham Chronofighter ProDive Chronograph Men's Watch - 2CDAV.B01A,"293,297.09", ,https://www.ebay.com/itm/Graham-Chronofighter-ProDive-Chronograph-Mens-Watch-2CDAV-B01A/274014729239?epid=1330195464&_trkparms=ispr%3D1&hash=item3fcc8cf417:g:rlcAAOSwxDxcm702&enc=AQAEAAACMBPxNw%2BVj6nta7CKEs3N0qV4rmL0pY52oFDu3XLjmSbVIRTt6FvPkysVUUP1xs%2BpG32IVk03VOyNl9F7G1gn%2FoCat10BwbsJIxL33XOG%2FrVjdMv5qXnjeM9CHUgP96SfjqYfHJ9N7Dq7Z49xoysgljIlIQnch0rGB3nYlAD44V%2FkGTPofotOTDtJSwVtMqnTw7UUZmSvHLstuNWeWW3s%2BWrvLorH3Ekg7YmyVfzgYtSs0G6RYxGVGsuqIXygZSteDxvFWgWXrng0TYxWFP9%2BwRPkf79ov0JMI126RSC7Os0XNZAX7eQ6TRxnyLGo8hOkcPLy6pK0%2B2LPv6%2BgitoW4CpBLQ5TQk6q50gBksK22mbnYSnWaJbaVkyniCS42l%2F2ZUmugS5dgqDUj5rGJdldq3tUp5CKeQ7IrW8C2wvHQNHTidkp6GL6EhwbAJGxzITcaFmc3jeYT%2FjMoK9p%2Fb2WqtpCuK1t112GggkQv79S9jld5SbXv2MpCCEcdEBXohoth%2BIZKmZoNvx0c0Zf2xvxVU0a2hN%2FVQwyMXnnsisszjyxSVvkIbexmwIk3S40V8qLAKmUTEJMTDeaXq8XH65HA0WozhH23S7%2F130s4tHWplwmqrSRnSYtwgePE%2BiO49ek8HdI%2Br%2FgrbJgPKos04JQ%2FoCry3DMKibY5ly3s7cJrccrxw929rs2elD0wsMu8Y5f4E7abl09Qv4TB5FG3XGO5grl11n8xXi5tCRKCeN%2Bh6O5&checksum=274014729239de8a6576b72d4cf69ea7869a1d118c56&enc=AQAEAAACMBPxNw%2BVj6nta7CKEs3N0qV4rmL0pY52oFDu3XLjmSbVIRTt6FvPkysVUUP1xs%2BpG32IVk03VOyNl9F7G1gn%2FoCat10BwbsJIxL33XOG%2FrVjdMv5qXnjeM9CHUgP96SfjqYfHJ9N7Dq7Z49xoysgljIlIQnch0rGB3nYlAD44V%2FkGTPofotOTDtJSwVtMqnTw7UUZmSvHLstuNWeWW3s%2BWrvLorH3Ekg7YmyVfzgYtSs0G6RYxGVGsuqIXygZSteDxvFWgWXrng0TYxWFP9%2BwRPkf79ov0JMI126RSC7Os0XNZAX7eQ6TRxnyLGo8hOkcPLy6pK0%2B2LPv6%2BgitoW4CpBLQ5TQk6q50gBksK22mbnYSnWaJbaVkyniCS42l%2F2ZUmugS5dgqDUj5rGJdldq3tUp5CKeQ7IrW8C2wvHQNHTidkp6GL6EhwbAJGxzITcaFmc3jeYT%2FjMoK9p%2Fb2WqtpCuK1t112GggkQv79S9jld5SbXv2MpCCEcdEBXohoth%2BIZKmZoNvx0c0Zf2xvxVU0a2hN%2FVQwyMXnnsisszjyxSVvkIbexmwIk3S40V8qLAKmUTEJMTDeaXq8XH65HA0WozhH23S7%2F130s4tHWplwmqrSRnSYtwgePE%2BiO49ek8HdI%2Br%2FgrbJgPKos04JQ%2FoCry3DMKibY5ly3s7cJrccrxw929rs2elD0wsMu8Y5f4E7abl09Qv4TB5FG3XGO5grl11n8xXi5tCRKCeN%2Bh6O5&checksum=274014729239de8a6576b72d4cf69ea7869a1d118c56
